{"_id":{"$oid":"5ac98048f6a2f3a1b3c31b78"},"datetime":1.523154998e+09,"items":[{"name":"The Burger","price":10.99,"additions":"","changes":"","comped":false,"comped_by":""},{"name":"Fries","price":2.2,"additions":"","changes":"","comped":true,"comped_by":"Test User"}],"subtotal":10.99,"tax":1.76,"tips":2.0,"total":12.75,"staff":"Test User"}
{"_id":{"$oid":"5ac9805df6a2f3a1b3c31b79"},"datetime":1.523068598e+09,"items":[{"name":"Fries","price":2.2,"additions":"","changes":"","comped":false,"comped_by":""}],"subtotal":4.99,"tax":0.44,"tips":1.0,"total":5.43,"staff":"Named Staff"}
